1984.txt,Mensaje presidencial de apertura de asamblea ordinaria Alfonsin
1985.txt,Mensaje presidencial de apertura de asamblea ordinaria Alfonsin
1986.txt,Mensaje presidencial de apertura de asamblea ordinaria Alfonsin
1987.txt,Mensaje presidencial de apertura de asamblea ordinaria Alfonsin
1988.txt,Mensaje presidencial de apertura de asamblea ordinaria Alfonsin
1989.txt,Mensaje presidencial de apertura de asamblea ordinaria Alfonsin
1990.txt,Mensaje presidencial de apertura de asamblea ordinaria Menem
1991.txt,Mensaje presidencial de apertura de asamblea ordinaria Menem
1992.txt,Mensaje presidencial de apertura de asamblea ordinaria Menem
1993.txt,Mensaje presidencial de apertura de asamblea ordinaria Menem
1994.txt,Mensaje presidencial de apertura de asamblea ordinaria Menem
1995.txt,Mensaje presidencial de apertura de asamblea ordinaria Menem
1996.txt,Mensaje presidencial de apertura de asamblea ordinaria Menem
1997.txt,Mensaje presidencial de apertura de asamblea ordinaria Menem
1998.txt,Mensaje presidencial de apertura de asamblea ordinaria Menem
1999.txt,Mensaje presidencial de apertura de asamblea ordinaria Menem
2000.txt,Mensaje presidencial de apertura de asamblea ordinaria De La Rua
2001.txt,Mensaje presidencial de apertura de asamblea ordinaria De La Rua
2002.txt,Mensaje presidencial de apertura de asamblea ordinaria Duhalde
2003.txt,Mensaje presidencial de apertura de asamblea ordinaria Duhalde
2004.txt,Mensaje presidencial de apertura de asamblea ordinaria Kirchner N
2005.txt,Mensaje presidencial de apertura de asamblea ordinaria Kirchner N
2006.txt,Mensaje presidencial de apertura de asamblea ordinaria Kirchner N
2007.txt,Mensaje presidencial de apertura de asamblea ordinaria Kirchner N
2008.txt,Mensaje presidencial de apertura de asamblea ordinaria Kirchner C
2009.txt,Mensaje presidencial de apertura de asamblea ordinaria Kirchner C
2010.txt,Mensaje presidencial de apertura de asamblea ordinaria Kirchner C
2011.txt,Mensaje presidencial de apertura de asamblea ordinaria Kirchner C
2012.txt,Mensaje presidencial de apertura de asamblea ordinaria Kirchner C
2013.txt,Mensaje presidencial de apertura de asamblea ordinaria Kirchner C
2014.txt,Mensaje presidencial de apertura de asamblea ordinaria Kirchner C
2015.txt,Mensaje presidencial de apertura de asamblea ordinaria Kirchner C
2016.txt,Mensaje presidencial de apertura de asamblea ordinaria Macri
2017.txt,Mensaje presidencial de apertura de asamblea ordinaria Macri
2018.txt,Mensaje presidencial de apertura de asamblea ordinaria Macri
2019.txt,Mensaje presidencial de apertura de asamblea ordinaria Macri
2020.txt,Mensaje presidencial de apertura de asamblea ordinaria Fernandez
2021.txt,Mensaje presidencial de apertura de asamblea ordinaria Fernandez
2022.txt,Mensaje presidencial de apertura de asamblea ordinaria Fernandez
2023.txt,Mensaje presidencial de apertura de asamblea ordinaria Fernandez
2024.txt,Mensaje presidencial de apertura de asamblea ordinaria Milei
2025.txt,Mensaje presidencial de apertura de asamblea ordinaria Milei
